TOTAL,delivery,files/numeric/ipc-2023/delivery/domain.pddl,files/numeric/ipc-2023/delivery/instances/prob07.pddl.pddl,files/numeric/ipc-2023/delivery/plans/prob07.pddl.txt,files/numeric/ipc-2023/delivery/instances/prob07.pddl.pddl
TOTAL,farmland,files/numeric/ipc-2023/farmland/domain.pddl,files/numeric/ipc-2023/farmland/instances/instance_6_200_1229.pddl.pddl,files/numeric/ipc-2023/farmland/plans/instance_6_200_1229.pddl.txt,files/numeric/ipc-2023/farmland/instances/instance_6_200_1229.pddl.pddl
TOTAL,Descent,files/hybrid/Descent/domain.pddl,files/hybrid/Descent/instances/prob_earth10.pddl.pddl,files/hybrid/Descent/plans/prob_earth10.pddl.txt,files/hybrid/Descent/instances/prob_earth10.pddl.pddl
TOTAL,farmland,files/numeric/ipc-2023/farmland/domain.pddl,files/numeric/ipc-2023/farmland/instances/instance_4_600_1229.pddl.pddl,files/numeric/ipc-2023/farmland/plans/instance_4_600_1229.pddl.txt,files/numeric/ipc-2023/farmland/instances/instance_4_600_1229.pddl.pddl
TOTAL,Baxter,files/hybrid/Baxter/domain.pddl,files/hybrid/Baxter/instances/P4_i4.pddl.pddl,files/hybrid/Baxter/plans/P4_i4.pddl.txt,files/hybrid/Baxter/instances/P4_i4.pddl.pddl
TOTAL,fo-sailing,files/numeric/ipc-2023/fo-sailing/domain.pddl,files/numeric/ipc-2023/fo-sailing/instances/instance_5_1_1229.pddl.pddl,files/numeric/ipc-2023/fo-sailing/plans/instance_5_1_1229.pddl.txt,files/numeric/ipc-2023/fo-sailing/instances/instance_5_1_1229.pddl.pddl
TOTAL,Linear-Car,files/hybrid/Linear-Car/domain.pddl,files/hybrid/Linear-Car/instances/instance_9_30.0_0.1_10.0.pddl.pddl,files/hybrid/Linear-Car/plans/instance_9_30.0_0.1_10.0.pddl.txt,files/hybrid/Linear-Car/instances/instance_9_30.0_0.1_10.0.pddl.pddl
TOTAL,sailing,files/numeric/ipc-2023/sailing/domain.pddl,files/numeric/ipc-2023/sailing/instances/instance_1_4_1229.pddl.pddl,files/numeric/ipc-2023/sailing/plans/instance_1_4_1229.pddl.txt,files/numeric/ipc-2023/sailing/instances/instance_1_4_1229.pddl.pddl
TOTAL,tpp,files/numeric/ipc-2023/tpp/domain.pddl,files/numeric/ipc-2023/tpp/instances/p04.pddl.pddl,files/numeric/ipc-2023/tpp/plans/p04.pddl.txt,files/numeric/ipc-2023/tpp/instances/p04.pddl.pddl
TOTAL,sailing,files/numeric/ipc-2023/sailing/domain.pddl,files/numeric/ipc-2023/sailing/instances/instance_2_1_1229.pddl.pddl,files/numeric/ipc-2023/sailing/plans/instance_2_1_1229.pddl.txt,files/numeric/ipc-2023/sailing/instances/instance_2_1_1229.pddl.pddl
TOTAL,sailing,files/numeric/ipc-2023/sailing/domain.pddl,files/numeric/ipc-2023/sailing/instances/instance_4_5_1229.pddl.pddl,files/numeric/ipc-2023/sailing/plans/instance_4_5_1229.pddl.txt,files/numeric/ipc-2023/sailing/instances/instance_4_5_1229.pddl.pddl
TOTAL,Descent,files/hybrid/Descent/domain.pddl,files/hybrid/Descent/instances/prob_earth18.pddl.pddl,files/hybrid/Descent/plans/prob_earth18.pddl.txt,files/hybrid/Descent/instances/prob_earth18.pddl.pddl
TOTAL,Linear-Car-2,files/hybrid/Linear-Car-2/domain.pddl,files/hybrid/Linear-Car-2/instances/p24.pddl.pddl,files/hybrid/Linear-Car-2/plans/p24.pddl.txt,files/hybrid/Linear-Car-2/instances/p24.pddl.pddl
TOTAL,counters,files/numeric/ipc-2023/counters/domain.pddl,files/numeric/ipc-2023/counters/instances/rnd_instance_32_1.pddl.pddl,files/numeric/ipc-2023/counters/plans/rnd_instance_32_1.pddl.txt,files/numeric/ipc-2023/counters/instances/rnd_instance_32_1.pddl.pddl
TOTAL,sailing,files/numeric/ipc-2023/sailing/domain.pddl,files/numeric/ipc-2023/sailing/instances/instance_2_4_1229.pddl.pddl,files/numeric/ipc-2023/sailing/plans/instance_2_4_1229.pddl.txt,files/numeric/ipc-2023/sailing/instances/instance_2_4_1229.pddl.pddl
TOTAL,farmland,files/numeric/ipc-2023/farmland/domain.pddl,files/numeric/ipc-2023/farmland/instances/instance_6_400_1229.pddl.pddl,files/numeric/ipc-2023/farmland/plans/instance_6_400_1229.pddl.txt,files/numeric/ipc-2023/farmland/instances/instance_6_400_1229.pddl.pddl
TOTAL,counters,files/numeric/ipc-2023/counters/domain.pddl,files/numeric/ipc-2023/counters/instances/inv_instance_16.pddl.pddl,files/numeric/ipc-2023/counters/plans/inv_instance_16.pddl.txt,files/numeric/ipc-2023/counters/instances/inv_instance_16.pddl.pddl
TOTAL,UTC,files/hybrid/UTC/domain.pddl,files/hybrid/UTC/instances/problem_cfr.pddl.pddl,files/hybrid/UTC/plans/problem_cfr.pddl.txt,files/hybrid/UTC/instances/problem_cfr.pddl.pddl
TOTAL,hydropower,files/numeric/ipc-2023/hydropower/domain.pddl,files/numeric/ipc-2023/hydropower/instances/pfile13.pddl.pddl,files/numeric/ipc-2023/hydropower/plans/pfile13.pddl.txt,files/numeric/ipc-2023/hydropower/instances/pfile13.pddl.pddl
TOTAL,farmland,files/numeric/ipc-2023/farmland/domain.pddl,files/numeric/ipc-2023/farmland/instances/instance_6_900_1229.pddl.pddl,files/numeric/ipc-2023/farmland/plans/instance_6_900_1229.pddl.txt,files/numeric/ipc-2023/farmland/instances/instance_6_900_1229.pddl.pddl
TOTAL,fo_counters,files/numeric/ipc-2023/fo_counters/domain.pddl,files/numeric/ipc-2023/fo_counters/instances/instance_13.pddl.pddl,files/numeric/ipc-2023/fo_counters/plans/instance_13.pddl.txt,files/numeric/ipc-2023/fo_counters/instances/instance_13.pddl.pddl
TOTAL,Linear-Car-2,files/hybrid/Linear-Car-2/domain.pddl,files/hybrid/Linear-Car-2/instances/p04.pddl.pddl,files/hybrid/Linear-Car-2/plans/p04.pddl.txt,files/hybrid/Linear-Car-2/instances/p04.pddl.pddl
TOTAL,HVAC,files/hybrid/HVAC/domain.pddl,files/hybrid/HVAC/instances/instance_1_16.pddl.pddl,files/hybrid/HVAC/plans/instance_1_16.pddl.txt,files/hybrid/HVAC/instances/instance_1_16.pddl.pddl
TOTAL,HVAC,files/hybrid/HVAC/domain.pddl,files/hybrid/HVAC/instances/instance_1_10.pddl.pddl,files/hybrid/HVAC/plans/instance_1_10.pddl.txt,files/hybrid/HVAC/instances/instance_1_10.pddl.pddl
TOTAL,farmland,files/numeric/ipc-2023/farmland/domain.pddl,files/numeric/ipc-2023/farmland/instances/instance_6_100_1229.pddl.pddl,files/numeric/ipc-2023/farmland/plans/instance_6_100_1229.pddl.txt,files/numeric/ipc-2023/farmland/instances/instance_6_100_1229.pddl.pddl
TOTAL,satellite,files/numeric/ipc-2023/satellite/domain.pddl,files/numeric/ipc-2023/satellite/instances/pfile1.pddl.pddl,files/numeric/ipc-2023/satellite/plans/pfile1.pddl.txt,files/numeric/ipc-2023/satellite/instances/pfile1.pddl.pddl
TOTAL,HVAC,files/hybrid/HVAC/domain.pddl,files/hybrid/HVAC/instances/instance_1_20.pddl.pddl,files/hybrid/HVAC/plans/instance_1_20.pddl.txt,files/hybrid/HVAC/instances/instance_1_20.pddl.pddl
TOTAL,farmland,files/numeric/ipc-2023/farmland/domain.pddl,files/numeric/ipc-2023/farmland/instances/instance_2_300_1229.pddl.pddl,files/numeric/ipc-2023/farmland/plans/instance_2_300_1229.pddl.txt,files/numeric/ipc-2023/farmland/instances/instance_2_300_1229.pddl.pddl
TOTAL,drone,files/numeric/ipc-2023/drone/domain.pddl,files/numeric/ipc-2023/drone/instances/problem_3_3_4.pddl.pddl,files/numeric/ipc-2023/drone/plans/problem_3_3_4.pddl.txt,files/numeric/ipc-2023/drone/instances/problem_3_3_4.pddl.pddl
TOTAL,farmland,files/numeric/ipc-2023/farmland/domain.pddl,files/numeric/ipc-2023/farmland/instances/instance_10_700_1229.pddl.pddl,files/numeric/ipc-2023/farmland/plans/instance_10_700_1229.pddl.txt,files/numeric/ipc-2023/farmland/instances/instance_10_700_1229.pddl.pddl
TOTAL,sailing,files/numeric/ipc-2023/sailing/domain.pddl,files/numeric/ipc-2023/sailing/instances/instance_4_7_1229.pddl.pddl,files/numeric/ipc-2023/sailing/plans/instance_4_7_1229.pddl.txt,files/numeric/ipc-2023/sailing/instances/instance_4_7_1229.pddl.pddl
TOTAL,Linear-Car-2,files/hybrid/Linear-Car-2/domain.pddl,files/hybrid/Linear-Car-2/instances/p06.pddl.pddl,files/hybrid/Linear-Car-2/plans/p06.pddl.txt,files/hybrid/Linear-Car-2/instances/p06.pddl.pddl
TOTAL,counters,files/numeric/ipc-2023/counters/domain.pddl,files/numeric/ipc-2023/counters/instances/fz_instance_4.pddl.pddl,files/numeric/ipc-2023/counters/plans/fz_instance_4.pddl.txt,files/numeric/ipc-2023/counters/instances/fz_instance_4.pddl.pddl
TOTAL,hydropower,files/numeric/ipc-2023/hydropower/domain.pddl,files/numeric/ipc-2023/hydropower/instances/pfile23.pddl.pddl,files/numeric/ipc-2023/hydropower/plans/pfile23.pddl.txt,files/numeric/ipc-2023/hydropower/instances/pfile23.pddl.pddl
TOTAL,hydropower,files/numeric/ipc-2023/hydropower/domain.pddl,files/numeric/ipc-2023/hydropower/instances/pfile12.pddl.pddl,files/numeric/ipc-2023/hydropower/plans/pfile12.pddl.txt,files/numeric/ipc-2023/hydropower/instances/pfile12.pddl.pddl
TOTAL,counters,files/numeric/ipc-2023/counters/domain.pddl,files/numeric/ipc-2023/counters/instances/rnd_instance_8_2.pddl.pddl,files/numeric/ipc-2023/counters/plans/rnd_instance_8_2.pddl.txt,files/numeric/ipc-2023/counters/instances/rnd_instance_8_2.pddl.pddl
TOTAL,farmland,files/numeric/ipc-2023/farmland/domain.pddl,files/numeric/ipc-2023/farmland/instances/instance_8_400_1229.pddl.pddl,files/numeric/ipc-2023/farmland/plans/instance_8_400_1229.pddl.txt,files/numeric/ipc-2023/farmland/instances/instance_8_400_1229.pddl.pddl
TOTAL,HVAC,files/hybrid/HVAC/domain.pddl,files/hybrid/HVAC/instances/instance_1_3.pddl.pddl,files/hybrid/HVAC/plans/instance_1_3.pddl.txt,files/hybrid/HVAC/instances/instance_1_3.pddl.pddl
TOTAL,Baxter,files/hybrid/Baxter/domain.pddl,files/hybrid/Baxter/instances/P7_i5.pddl.pddl,files/hybrid/Baxter/plans/P7_i5.pddl.txt,files/hybrid/Baxter/instances/P7_i5.pddl.pddl
TOTAL,delivery,files/numeric/ipc-2023/delivery/domain.pddl,files/numeric/ipc-2023/delivery/instances/prob04.pddl.pddl,files/numeric/ipc-2023/delivery/plans/prob04.pddl.txt,files/numeric/ipc-2023/delivery/instances/prob04.pddl.pddl
TOTAL,watering,files/numeric/ipc-2023/ext-plant-watering/domain.pddl,files/numeric/ipc-2023/ext-plant-watering/instances/instance_12_15_2_1.pddl.pddl,files/numeric/ipc-2023/ext-plant-watering/plans/instance_12_15_2_1.pddl.txt,files/numeric/ipc-2023/ext-plant-watering/instances/instance_12_15_2_1.pddl.pddl
TOTAL,fo_counters,files/numeric/ipc-2023/fo_counters/domain.pddl,files/numeric/ipc-2023/fo_counters/instances/instance_19.pddl.pddl,files/numeric/ipc-2023/fo_counters/plans/instance_19.pddl.txt,files/numeric/ipc-2023/fo_counters/instances/instance_19.pddl.pddl
TOTAL,fo-sailing,files/numeric/ipc-2023/fo-sailing/domain.pddl,files/numeric/ipc-2023/fo-sailing/instances/instance_4_3_1229.pddl.pddl,files/numeric/ipc-2023/fo-sailing/plans/instance_4_3_1229.pddl.txt,files/numeric/ipc-2023/fo-sailing/instances/instance_4_3_1229.pddl.pddl
TOTAL,fo-sailing,files/numeric/ipc-2023/fo-sailing/domain.pddl,files/numeric/ipc-2023/fo-sailing/instances/instance_2_4_1229.pddl.pddl,files/numeric/ipc-2023/fo-sailing/plans/instance_2_4_1229.pddl.txt,files/numeric/ipc-2023/fo-sailing/instances/instance_2_4_1229.pddl.pddl
TOTAL,fo_counters,files/numeric/ipc-2023/fo_counters/domain.pddl,files/numeric/ipc-2023/fo_counters/instances/instance_11.pddl.pddl,files/numeric/ipc-2023/fo_counters/plans/instance_11.pddl.txt,files/numeric/ipc-2023/fo_counters/instances/instance_11.pddl.pddl
TOTAL,HVAC,files/hybrid/HVAC/domain.pddl,files/hybrid/HVAC/instances/instance_1_17.pddl.pddl,files/hybrid/HVAC/plans/instance_1_17.pddl.txt,files/hybrid/HVAC/instances/instance_1_17.pddl.pddl
TOTAL,Baxter,files/hybrid/Baxter/domain.pddl,files/hybrid/Baxter/instances/P6_i2.pddl.pddl,files/hybrid/Baxter/plans/P6_i2.pddl.txt,files/hybrid/Baxter/instances/P6_i2.pddl.pddl
TOTAL,Baxter,files/hybrid/Baxter/domain.pddl,files/hybrid/Baxter/instances/P5_i2.pddl.pddl,files/hybrid/Baxter/plans/P5_i2.pddl.txt,files/hybrid/Baxter/instances/P5_i2.pddl.pddl
TOTAL,farmland,files/numeric/ipc-2023/farmland/domain.pddl,files/numeric/ipc-2023/farmland/instances/instance_4_300_1229.pddl.pddl,files/numeric/ipc-2023/farmland/plans/instance_4_300_1229.pddl.txt,files/numeric/ipc-2023/farmland/instances/instance_4_300_1229.pddl.pddl
TOTAL,Descent,files/hybrid/Descent/domain.pddl,files/hybrid/Descent/instances/prob_earth01.pddl.pddl,files/hybrid/Descent/plans/prob_earth01.pddl.txt,files/hybrid/Descent/instances/prob_earth01.pddl.pddl
TOTAL,drone,files/numeric/ipc-2023/drone/domain.pddl,files/numeric/ipc-2023/drone/instances/problem_8_1_5.pddl.pddl,files/numeric/ipc-2023/drone/plans/problem_8_1_5.pddl.txt,files/numeric/ipc-2023/drone/instances/problem_8_1_5.pddl.pddl
TOTAL,Baxter,files/hybrid/Baxter/domain.pddl,files/hybrid/Baxter/instances/P5_i3.pddl.pddl,files/hybrid/Baxter/plans/P5_i3.pddl.txt,files/hybrid/Baxter/instances/P5_i3.pddl.pddl
TOTAL,satellite,files/numeric/ipc-2023/satellite/domain.pddl,files/numeric/ipc-2023/satellite/instances/pfile3.pddl.pddl,files/numeric/ipc-2023/satellite/plans/pfile3.pddl.txt,files/numeric/ipc-2023/satellite/instances/pfile3.pddl.pddl
TOTAL,HVAC,files/hybrid/HVAC/domain.pddl,files/hybrid/HVAC/instances/instance_1_1.pddl.pddl,files/hybrid/HVAC/plans/instance_1_1.pddl.txt,files/hybrid/HVAC/instances/instance_1_1.pddl.pddl
TOTAL,Linear-Car,files/hybrid/Linear-Car/domain.pddl,files/hybrid/Linear-Car/instances/instance_0_30.0_0.1_10.0.pddl.pddl,files/hybrid/Linear-Car/plans/instance_0_30.0_0.1_10.0.pddl.txt,files/hybrid/Linear-Car/instances/instance_0_30.0_0.1_10.0.pddl.pddl
TOTAL,Linear-Car-2,files/hybrid/Linear-Car-2/domain.pddl,files/hybrid/Linear-Car-2/instances/p19.pddl.pddl,files/hybrid/Linear-Car-2/plans/p19.pddl.txt,files/hybrid/Linear-Car-2/instances/p19.pddl.pddl
TOTAL,farmland,files/numeric/ipc-2023/farmland/domain.pddl,files/numeric/ipc-2023/farmland/instances/instance_6_600_1229.pddl.pddl,files/numeric/ipc-2023/farmland/plans/instance_6_600_1229.pddl.txt,files/numeric/ipc-2023/farmland/instances/instance_6_600_1229.pddl.pddl
TOTAL,Descent,files/hybrid/Descent/domain.pddl,files/hybrid/Descent/instances/prob_earth12.pddl.pddl,files/hybrid/Descent/plans/prob_earth12.pddl.txt,files/hybrid/Descent/instances/prob_earth12.pddl.pddl
TOTAL,Linear-Car-2,files/hybrid/Linear-Car-2/domain.pddl,files/hybrid/Linear-Car-2/instances/p09.pddl.pddl,files/hybrid/Linear-Car-2/plans/p09.pddl.txt,files/hybrid/Linear-Car-2/instances/p09.pddl.pddl
TOTAL,drone,files/numeric/ipc-2023/drone/domain.pddl,files/numeric/ipc-2023/drone/instances/problem_8_1_4.pddl.pddl,files/numeric/ipc-2023/drone/plans/problem_8_1_4.pddl.txt,files/numeric/ipc-2023/drone/instances/problem_8_1_4.pddl.pddl
TOTAL,rover,files/numeric/ipc-2023/rover/domain.pddl,files/numeric/ipc-2023/rover/instances/pfile12.pddl.pddl,files/numeric/ipc-2023/rover/plans/pfile12.pddl.txt,files/numeric/ipc-2023/rover/instances/pfile12.pddl.pddl
TOTAL,hydropower,files/numeric/ipc-2023/hydropower/domain.pddl,files/numeric/ipc-2023/hydropower/instances/pfile04.pddl.pddl,files/numeric/ipc-2023/hydropower/plans/pfile04.pddl.txt,files/numeric/ipc-2023/hydropower/instances/pfile04.pddl.pddl
TOTAL,UTC,files/hybrid/UTC/domain.pddl,files/hybrid/UTC/instances/problem.pddl.pddl,files/hybrid/UTC/plans/problem.pddl.txt,files/hybrid/UTC/instances/problem.pddl.pddl
TOTAL,farmland,files/numeric/ipc-2023/farmland/domain.pddl,files/numeric/ipc-2023/farmland/instances/instance_2_700_1229.pddl.pddl,files/numeric/ipc-2023/farmland/plans/instance_2_700_1229.pddl.txt,files/numeric/ipc-2023/farmland/instances/instance_2_700_1229.pddl.pddl
TOTAL,watering,files/numeric/ipc-2023/ext-plant-watering/domain.pddl,files/numeric/ipc-2023/ext-plant-watering/instances/instance_15_7_2_1.pddl.pddl,files/numeric/ipc-2023/ext-plant-watering/plans/instance_15_7_2_1.pddl.txt,files/numeric/ipc-2023/ext-plant-watering/instances/instance_15_7_2_1.pddl.pddl
TOTAL,counters,files/numeric/ipc-2023/counters/domain.pddl,files/numeric/ipc-2023/counters/instances/rnd_instance_32_2.pddl.pddl,files/numeric/ipc-2023/counters/plans/rnd_instance_32_2.pddl.txt,files/numeric/ipc-2023/counters/instances/rnd_instance_32_2.pddl.pddl
TOTAL,fo-sailing,files/numeric/ipc-2023/fo-sailing/domain.pddl,files/numeric/ipc-2023/fo-sailing/instances/instance_3_1_1229.pddl.pddl,files/numeric/ipc-2023/fo-sailing/plans/instance_3_1_1229.pddl.txt,files/numeric/ipc-2023/fo-sailing/instances/instance_3_1_1229.pddl.pddl
TOTAL,farmland,files/numeric/ipc-2023/farmland/domain.pddl,files/numeric/ipc-2023/farmland/instances/instance_4_200_1229.pddl.pddl,files/numeric/ipc-2023/farmland/plans/instance_4_200_1229.pddl.txt,files/numeric/ipc-2023/farmland/instances/instance_4_200_1229.pddl.pddl
TOTAL,Descent,files/hybrid/Descent/domain.pddl,files/hybrid/Descent/instances/prob_earth17.pddl.pddl,files/hybrid/Descent/plans/prob_earth17.pddl.txt,files/hybrid/Descent/instances/prob_earth17.pddl.pddl
TOTAL,counters,files/numeric/ipc-2023/counters/domain.pddl,files/numeric/ipc-2023/counters/instances/rnd_instance_12_3.pddl.pddl,files/numeric/ipc-2023/counters/plans/rnd_instance_12_3.pddl.txt,files/numeric/ipc-2023/counters/instances/rnd_instance_12_3.pddl.pddl
TOTAL,fo_counters,files/numeric/ipc-2023/fo_counters/domain.pddl,files/numeric/ipc-2023/fo_counters/instances/instance_14.pddl.pddl,files/numeric/ipc-2023/fo_counters/plans/instance_14.pddl.txt,files/numeric/ipc-2023/fo_counters/instances/instance_14.pddl.pddl
TOTAL,farmland,files/numeric/ipc-2023/farmland/domain.pddl,files/numeric/ipc-2023/farmland/instances/instance_10_500_1229.pddl.pddl,files/numeric/ipc-2023/farmland/plans/instance_10_500_1229.pddl.txt,files/numeric/ipc-2023/farmland/instances/instance_10_500_1229.pddl.pddl
TOTAL,watering,files/numeric/ipc-2023/ext-plant-watering/domain.pddl,files/numeric/ipc-2023/ext-plant-watering/instances/instance_10_5_2_1.pddl.pddl,files/numeric/ipc-2023/ext-plant-watering/plans/instance_10_5_2_1.pddl.txt,files/numeric/ipc-2023/ext-plant-watering/instances/instance_10_5_2_1.pddl.pddl
TOTAL,counters,files/numeric/ipc-2023/counters/domain.pddl,files/numeric/ipc-2023/counters/instances/fz_instance_40.pddl.pddl,files/numeric/ipc-2023/counters/plans/fz_instance_40.pddl.txt,files/numeric/ipc-2023/counters/instances/fz_instance_40.pddl.pddl
TOTAL,sailing,files/numeric/ipc-2023/sailing/domain.pddl,files/numeric/ipc-2023/sailing/instances/instance_4_10_1229.pddl.pddl,files/numeric/ipc-2023/sailing/plans/instance_4_10_1229.pddl.txt,files/numeric/ipc-2023/sailing/instances/instance_4_10_1229.pddl.pddl
TOTAL,Baxter,files/hybrid/Baxter/domain.pddl,files/hybrid/Baxter/instances/P7_i3.pddl.pddl,files/hybrid/Baxter/plans/P7_i3.pddl.txt,files/hybrid/Baxter/instances/P7_i3.pddl.pddl
TOTAL,drone,files/numeric/ipc-2023/drone/domain.pddl,files/numeric/ipc-2023/drone/instances/problem_5_10_1.pddl.pddl,files/numeric/ipc-2023/drone/plans/problem_5_10_1.pddl.txt,files/numeric/ipc-2023/drone/instances/problem_5_10_1.pddl.pddl
TOTAL,counters,files/numeric/ipc-2023/counters/domain.pddl,files/numeric/ipc-2023/counters/instances/rnd_instance_40_2.pddl.pddl,files/numeric/ipc-2023/counters/plans/rnd_instance_40_2.pddl.txt,files/numeric/ipc-2023/counters/instances/rnd_instance_40_2.pddl.pddl
TOTAL,hydropower,files/numeric/ipc-2023/hydropower/domain.pddl,files/numeric/ipc-2023/hydropower/instances/pfile02.pddl.pddl,files/numeric/ipc-2023/hydropower/plans/pfile02.pddl.txt,files/numeric/ipc-2023/hydropower/instances/pfile02.pddl.pddl
TOTAL,fo-sailing,files/numeric/ipc-2023/fo-sailing/domain.pddl,files/numeric/ipc-2023/fo-sailing/instances/instance_4_2_1229.pddl.pddl,files/numeric/ipc-2023/fo-sailing/plans/instance_4_2_1229.pddl.txt,files/numeric/ipc-2023/fo-sailing/instances/instance_4_2_1229.pddl.pddl
TOTAL,Descent,files/hybrid/Descent/domain.pddl,files/hybrid/Descent/instances/prob_earth09.pddl.pddl,files/hybrid/Descent/plans/prob_earth09.pddl.txt,files/hybrid/Descent/instances/prob_earth09.pddl.pddl
TOTAL,counters,files/numeric/ipc-2023/counters/domain.pddl,files/numeric/ipc-2023/counters/instances/inv_instance_36.pddl.pddl,files/numeric/ipc-2023/counters/plans/inv_instance_36.pddl.txt,files/numeric/ipc-2023/counters/instances/inv_instance_36.pddl.pddl
TOTAL,Baxter,files/hybrid/Baxter/domain.pddl,files/hybrid/Baxter/instances/P5_i4.pddl.pddl,files/hybrid/Baxter/plans/P5_i4.pddl.txt,files/hybrid/Baxter/instances/P5_i4.pddl.pddl
TOTAL,hydropower,files/numeric/ipc-2023/hydropower/domain.pddl,files/numeric/ipc-2023/hydropower/instances/pfile14.pddl.pddl,files/numeric/ipc-2023/hydropower/plans/pfile14.pddl.txt,files/numeric/ipc-2023/hydropower/instances/pfile14.pddl.pddl
TOTAL,fo_counters,files/numeric/ipc-2023/fo_counters/domain.pddl,files/numeric/ipc-2023/fo_counters/instances/instance_20.pddl.pddl,files/numeric/ipc-2023/fo_counters/plans/instance_20.pddl.txt,files/numeric/ipc-2023/fo_counters/instances/instance_20.pddl.pddl
TOTAL,Baxter,files/hybrid/Baxter/domain.pddl,files/hybrid/Baxter/instances/P6_i4.pddl.pddl,files/hybrid/Baxter/plans/P6_i4.pddl.txt,files/hybrid/Baxter/instances/P6_i4.pddl.pddl
TOTAL,drone,files/numeric/ipc-2023/drone/domain.pddl,files/numeric/ipc-2023/drone/instances/problem_8_1_2.pddl.pddl,files/numeric/ipc-2023/drone/plans/problem_8_1_2.pddl.txt,files/numeric/ipc-2023/drone/instances/problem_8_1_2.pddl.pddl
TOTAL,Linear-Car-2,files/hybrid/Linear-Car-2/domain.pddl,files/hybrid/Linear-Car-2/instances/p02.pddl.pddl,files/hybrid/Linear-Car-2/plans/p02.pddl.txt,files/hybrid/Linear-Car-2/instances/p02.pddl.pddl
TOTAL,Baxter,files/hybrid/Baxter/domain.pddl,files/hybrid/Baxter/instances/P7_i2.pddl.pddl,files/hybrid/Baxter/plans/P7_i2.pddl.txt,files/hybrid/Baxter/instances/P7_i2.pddl.pddl
TOTAL,fo_counters,files/numeric/ipc-2023/fo_counters/domain.pddl,files/numeric/ipc-2023/fo_counters/instances/instance_9.pddl.pddl,files/numeric/ipc-2023/fo_counters/plans/instance_9.pddl.txt,files/numeric/ipc-2023/fo_counters/instances/instance_9.pddl.pddl
TOTAL,rover,files/numeric/ipc-2023/rover/domain.pddl,files/numeric/ipc-2023/rover/instances/pfile7.pddl.pddl,files/numeric/ipc-2023/rover/plans/pfile7.pddl.txt,files/numeric/ipc-2023/rover/instances/pfile7.pddl.pddl
TOTAL,fo_counters,files/numeric/ipc-2023/fo_counters/domain.pddl,files/numeric/ipc-2023/fo_counters/instances/instance_18.pddl.pddl,files/numeric/ipc-2023/fo_counters/plans/instance_18.pddl.txt,files/numeric/ipc-2023/fo_counters/instances/instance_18.pddl.pddl
TOTAL,Linear-Car-2,files/hybrid/Linear-Car-2/domain.pddl,files/hybrid/Linear-Car-2/instances/p16.pddl.pddl,files/hybrid/Linear-Car-2/plans/p16.pddl.txt,files/hybrid/Linear-Car-2/instances/p16.pddl.pddl
TOTAL,rover,files/numeric/ipc-2023/rover/domain.pddl,files/numeric/ipc-2023/rover/instances/pfile1.pddl.pddl,files/numeric/ipc-2023/rover/plans/pfile1.pddl.txt,files/numeric/ipc-2023/rover/instances/pfile1.pddl.pddl
TOTAL,fo-sailing,files/numeric/ipc-2023/fo-sailing/domain.pddl,files/numeric/ipc-2023/fo-sailing/instances/instance_2_3_1229.pddl.pddl,files/numeric/ipc-2023/fo-sailing/plans/instance_2_3_1229.pddl.txt,files/numeric/ipc-2023/fo-sailing/instances/instance_2_3_1229.pddl.pddl
TOTAL,sailing,files/numeric/ipc-2023/sailing/domain.pddl,files/numeric/ipc-2023/sailing/instances/instance_2_9_1229.pddl.pddl,files/numeric/ipc-2023/sailing/plans/instance_2_9_1229.pddl.txt,files/numeric/ipc-2023/sailing/instances/instance_2_9_1229.pddl.pddl
TOTAL,delivery,files/numeric/ipc-2023/delivery/domain.pddl,files/numeric/ipc-2023/delivery/instances/prob02.pddl.pddl,files/numeric/ipc-2023/delivery/plans/prob02.pddl.txt,files/numeric/ipc-2023/delivery/instances/prob02.pddl.pddl
TOTAL,HVAC,files/hybrid/HVAC/domain.pddl,files/hybrid/HVAC/instances/instance_1_11.pddl.pddl,files/hybrid/HVAC/plans/instance_1_11.pddl.txt,files/hybrid/HVAC/instances/instance_1_11.pddl.pddl
TOTAL,hydropower,files/numeric/ipc-2023/hydropower/domain.pddl,files/numeric/ipc-2023/hydropower/instances/pfile20.pddl.pddl,files/numeric/ipc-2023/hydropower/plans/pfile20.pddl.txt,files/numeric/ipc-2023/hydropower/instances/pfile20.pddl.pddl
TOTAL,watering,files/numeric/ipc-2023/ext-plant-watering/domain.pddl,files/numeric/ipc-2023/ext-plant-watering/instances/instance_10_11_2_1.pddl.pddl,files/numeric/ipc-2023/ext-plant-watering/plans/instance_10_11_2_1.pddl.txt,files/numeric/ipc-2023/ext-plant-watering/instances/instance_10_11_2_1.pddl.pddl
TOTAL,Linear-Car-2,files/hybrid/Linear-Car-2/domain.pddl,files/hybrid/Linear-Car-2/instances/p12.pddl.pddl,files/hybrid/Linear-Car-2/plans/p12.pddl.txt,files/hybrid/Linear-Car-2/instances/p12.pddl.pddl
TOTAL,fo_counters,files/numeric/ipc-2023/fo_counters/domain.pddl,files/numeric/ipc-2023/fo_counters/instances/instance_21.pddl.pddl,files/numeric/ipc-2023/fo_counters/plans/instance_21.pddl.txt,files/numeric/ipc-2023/fo_counters/instances/instance_21.pddl.pddl
TOTAL,Linear-Car-2,files/hybrid/Linear-Car-2/domain.pddl,files/hybrid/Linear-Car-2/instances/p01.pddl.pddl,files/hybrid/Linear-Car-2/plans/p01.pddl.txt,files/hybrid/Linear-Car-2/instances/p01.pddl.pddl
TOTAL,fo-sailing,files/numeric/ipc-2023/fo-sailing/domain.pddl,files/numeric/ipc-2023/fo-sailing/instances/instance_2_1_1229.pddl.pddl,files/numeric/ipc-2023/fo-sailing/plans/instance_2_1_1229.pddl.txt,files/numeric/ipc-2023/fo-sailing/instances/instance_2_1_1229.pddl.pddl
TOTAL,watering,files/numeric/ipc-2023/ext-plant-watering/domain.pddl,files/numeric/ipc-2023/ext-plant-watering/instances/instance_14_13_2_1.pddl.pddl,files/numeric/ipc-2023/ext-plant-watering/plans/instance_14_13_2_1.pddl.txt,files/numeric/ipc-2023/ext-plant-watering/instances/instance_14_13_2_1.pddl.pddl
TOTAL,rover,files/numeric/ipc-2023/rover/domain.pddl,files/numeric/ipc-2023/rover/instances/pfile5.pddl.pddl,files/numeric/ipc-2023/rover/plans/pfile5.pddl.txt,files/numeric/ipc-2023/rover/instances/pfile5.pddl.pddl
TOTAL,HVAC,files/hybrid/HVAC/domain.pddl,files/hybrid/HVAC/instances/instance_1_6.pddl.pddl,files/hybrid/HVAC/plans/instance_1_6.pddl.txt,files/hybrid/HVAC/instances/instance_1_6.pddl.pddl
TOTAL,hydropower,files/numeric/ipc-2023/hydropower/domain.pddl,files/numeric/ipc-2023/hydropower/instances/pfile18.pddl.pddl,files/numeric/ipc-2023/hydropower/plans/pfile18.pddl.txt,files/numeric/ipc-2023/hydropower/instances/pfile18.pddl.pddl
TOTAL,drone,files/numeric/ipc-2023/drone/domain.pddl,files/numeric/ipc-2023/drone/instances/problem_1_9_3.pddl.pddl,files/numeric/ipc-2023/drone/plans/problem_1_9_3.pddl.txt,files/numeric/ipc-2023/drone/instances/problem_1_9_3.pddl.pddl
TOTAL,fo_counters,files/numeric/ipc-2023/fo_counters/domain.pddl,files/numeric/ipc-2023/fo_counters/instances/instance_3.pddl.pddl,files/numeric/ipc-2023/fo_counters/plans/instance_3.pddl.txt,files/numeric/ipc-2023/fo_counters/instances/instance_3.pddl.pddl
TOTAL,counters,files/numeric/ipc-2023/counters/domain.pddl,files/numeric/ipc-2023/counters/instances/inv_instance_12.pddl.pddl,files/numeric/ipc-2023/counters/plans/inv_instance_12.pddl.txt,files/numeric/ipc-2023/counters/instances/inv_instance_12.pddl.pddl
TOTAL,fo-sailing,files/numeric/ipc-2023/fo-sailing/domain.pddl,files/numeric/ipc-2023/fo-sailing/instances/instance_4_1_1229.pddl.pddl,files/numeric/ipc-2023/fo-sailing/plans/instance_4_1_1229.pddl.txt,files/numeric/ipc-2023/fo-sailing/instances/instance_4_1_1229.pddl.pddl
TOTAL,HVAC,files/hybrid/HVAC/domain.pddl,files/hybrid/HVAC/instances/instance_1_7.pddl.pddl,files/hybrid/HVAC/plans/instance_1_7.pddl.txt,files/hybrid/HVAC/instances/instance_1_7.pddl.pddl
TOTAL,hydropower,files/numeric/ipc-2023/hydropower/domain.pddl,files/numeric/ipc-2023/hydropower/instances/pfile24.pddl.pddl,files/numeric/ipc-2023/hydropower/plans/pfile24.pddl.txt,files/numeric/ipc-2023/hydropower/instances/pfile24.pddl.pddl
TOTAL,delivery,files/numeric/ipc-2023/delivery/domain.pddl,files/numeric/ipc-2023/delivery/instances/prob08.pddl.pddl,files/numeric/ipc-2023/delivery/plans/prob08.pddl.txt,files/numeric/ipc-2023/delivery/instances/prob08.pddl.pddl
TOTAL,UTC,files/hybrid/UTC/domain.pddl,files/hybrid/UTC/instances/problem_easy_revised.pddl.pddl,files/hybrid/UTC/plans/problem_easy_revised.pddl.txt,files/hybrid/UTC/instances/problem_easy_revised.pddl.pddl
TOTAL,HVAC,files/hybrid/HVAC/domain.pddl,files/hybrid/HVAC/instances/instance_1_12.pddl.pddl,files/hybrid/HVAC/plans/instance_1_12.pddl.txt,files/hybrid/HVAC/instances/instance_1_12.pddl.pddl
TOTAL,delivery,files/numeric/ipc-2023/delivery/domain.pddl,files/numeric/ipc-2023/delivery/instances/prob06.pddl.pddl,files/numeric/ipc-2023/delivery/plans/prob06.pddl.txt,files/numeric/ipc-2023/delivery/instances/prob06.pddl.pddl
TOTAL,drone,files/numeric/ipc-2023/drone/domain.pddl,files/numeric/ipc-2023/drone/instances/problem_2_9_1.pddl.pddl,files/numeric/ipc-2023/drone/plans/problem_2_9_1.pddl.txt,files/numeric/ipc-2023/drone/instances/problem_2_9_1.pddl.pddl
TOTAL,rover,files/numeric/ipc-2023/rover/domain.pddl,files/numeric/ipc-2023/rover/instances/pfile13.pddl.pddl,files/numeric/ipc-2023/rover/plans/pfile13.pddl.txt,files/numeric/ipc-2023/rover/instances/pfile13.pddl.pddl
TOTAL,Descent,files/hybrid/Descent/domain.pddl,files/hybrid/Descent/instances/prob_earth05.pddl.pddl,files/hybrid/Descent/plans/prob_earth05.pddl.txt,files/hybrid/Descent/instances/prob_earth05.pddl.pddl
TOTAL,Descent,files/hybrid/Descent/domain.pddl,files/hybrid/Descent/instances/prob_earth19.pddl.pddl,files/hybrid/Descent/plans/prob_earth19.pddl.txt,files/hybrid/Descent/instances/prob_earth19.pddl.pddl
TOTAL,fo_counters,files/numeric/ipc-2023/fo_counters/domain.pddl,files/numeric/ipc-2023/fo_counters/instances/instance_16.pddl.pddl,files/numeric/ipc-2023/fo_counters/plans/instance_16.pddl.txt,files/numeric/ipc-2023/fo_counters/instances/instance_16.pddl.pddl
TOTAL,Descent,files/hybrid/Descent/domain.pddl,files/hybrid/Descent/instances/prob_earth15.pddl.pddl,files/hybrid/Descent/plans/prob_earth15.pddl.txt,files/hybrid/Descent/instances/prob_earth15.pddl.pddl
TOTAL,fo-sailing,files/numeric/ipc-2023/fo-sailing/domain.pddl,files/numeric/ipc-2023/fo-sailing/instances/instance_1_2_1229.pddl.pddl,files/numeric/ipc-2023/fo-sailing/plans/instance_1_2_1229.pddl.txt,files/numeric/ipc-2023/fo-sailing/instances/instance_1_2_1229.pddl.pddl
TOTAL,Descent,files/hybrid/Descent/domain.pddl,files/hybrid/Descent/instances/prob_earth14.pddl.pddl,files/hybrid/Descent/plans/prob_earth14.pddl.txt,files/hybrid/Descent/instances/prob_earth14.pddl.pddl
TOTAL,sailing,files/numeric/ipc-2023/sailing/domain.pddl,files/numeric/ipc-2023/sailing/instances/instance_1_10_1229.pddl.pddl,files/numeric/ipc-2023/sailing/plans/instance_1_10_1229.pddl.txt,files/numeric/ipc-2023/sailing/instances/instance_1_10_1229.pddl.pddl
TOTAL,counters,files/numeric/ipc-2023/counters/domain.pddl,files/numeric/ipc-2023/counters/instances/rnd_instance_40_1.pddl.pddl,files/numeric/ipc-2023/counters/plans/rnd_instance_40_1.pddl.txt,files/numeric/ipc-2023/counters/instances/rnd_instance_40_1.pddl.pddl
TOTAL,watering,files/numeric/ipc-2023/ext-plant-watering/domain.pddl,files/numeric/ipc-2023/ext-plant-watering/instances/instance_13_15_2_1.pddl.pddl,files/numeric/ipc-2023/ext-plant-watering/plans/instance_13_15_2_1.pddl.txt,files/numeric/ipc-2023/ext-plant-watering/instances/instance_13_15_2_1.pddl.pddl
TOTAL,tpp,files/numeric/ipc-2023/tpp/domain.pddl,files/numeric/ipc-2023/tpp/instances/p02.pddl.pddl,files/numeric/ipc-2023/tpp/plans/p02.pddl.txt,files/numeric/ipc-2023/tpp/instances/p02.pddl.pddl
TOTAL,fo-sailing,files/numeric/ipc-2023/fo-sailing/domain.pddl,files/numeric/ipc-2023/fo-sailing/instances/instance_2_2_1229.pddl.pddl,files/numeric/ipc-2023/fo-sailing/plans/instance_2_2_1229.pddl.txt,files/numeric/ipc-2023/fo-sailing/instances/instance_2_2_1229.pddl.pddl
TOTAL,hydropower,files/numeric/ipc-2023/hydropower/domain.pddl,files/numeric/ipc-2023/hydropower/instances/pfile19.pddl.pddl,files/numeric/ipc-2023/hydropower/plans/pfile19.pddl.txt,files/numeric/ipc-2023/hydropower/instances/pfile19.pddl.pddl
TOTAL,watering,files/numeric/ipc-2023/ext-plant-watering/domain.pddl,files/numeric/ipc-2023/ext-plant-watering/instances/instance_12_7_2_1.pddl.pddl,files/numeric/ipc-2023/ext-plant-watering/plans/instance_12_7_2_1.pddl.txt,files/numeric/ipc-2023/ext-plant-watering/instances/instance_12_7_2_1.pddl.pddl
TOTAL,counters,files/numeric/ipc-2023/counters/domain.pddl,files/numeric/ipc-2023/counters/instances/rnd_instance_28_1.pddl.pddl,files/numeric/ipc-2023/counters/plans/rnd_instance_28_1.pddl.txt,files/numeric/ipc-2023/counters/instances/rnd_instance_28_1.pddl.pddl
TOTAL,drone,files/numeric/ipc-2023/drone/domain.pddl,files/numeric/ipc-2023/drone/instances/problem_6_8_1.pddl.pddl,files/numeric/ipc-2023/drone/plans/problem_6_8_1.pddl.txt,files/numeric/ipc-2023/drone/instances/problem_6_8_1.pddl.pddl
TOTAL,HVAC,files/hybrid/HVAC/domain.pddl,files/hybrid/HVAC/instances/instance_1_14.pddl.pddl,files/hybrid/HVAC/plans/instance_1_14.pddl.txt,files/hybrid/HVAC/instances/instance_1_14.pddl.pddl
TOTAL,hydropower,files/numeric/ipc-2023/hydropower/domain.pddl,files/numeric/ipc-2023/hydropower/instances/pfile08.pddl.pddl,files/numeric/ipc-2023/hydropower/plans/pfile08.pddl.txt,files/numeric/ipc-2023/hydropower/instances/pfile08.pddl.pddl
TOTAL,sailing,files/numeric/ipc-2023/sailing/domain.pddl,files/numeric/ipc-2023/sailing/instances/instance_4_2_1229.pddl.pddl,files/numeric/ipc-2023/sailing/plans/instance_4_2_1229.pddl.txt,files/numeric/ipc-2023/sailing/instances/instance_4_2_1229.pddl.pddl
TOTAL,fo-sailing,files/numeric/ipc-2023/fo-sailing/domain.pddl,files/numeric/ipc-2023/fo-sailing/instances/instance_5_4_1229.pddl.pddl,files/numeric/ipc-2023/fo-sailing/plans/instance_5_4_1229.pddl.txt,files/numeric/ipc-2023/fo-sailing/instances/instance_5_4_1229.pddl.pddl
TOTAL,counters,files/numeric/ipc-2023/counters/domain.pddl,files/numeric/ipc-2023/counters/instances/rnd_instance_20_1.pddl.pddl,files/numeric/ipc-2023/counters/plans/rnd_instance_20_1.pddl.txt,files/numeric/ipc-2023/counters/instances/rnd_instance_20_1.pddl.pddl
TOTAL,hydropower,files/numeric/ipc-2023/hydropower/domain.pddl,files/numeric/ipc-2023/hydropower/instances/pfile01.pddl.pddl,files/numeric/ipc-2023/hydropower/plans/pfile01.pddl.txt,files/numeric/ipc-2023/hydropower/instances/pfile01.pddl.pddl
TOTAL,drone,files/numeric/ipc-2023/drone/domain.pddl,files/numeric/ipc-2023/drone/instances/problem_1_1_4.pddl.pddl,files/numeric/ipc-2023/drone/plans/problem_1_1_4.pddl.txt,files/numeric/ipc-2023/drone/instances/problem_1_1_4.pddl.pddl
TOTAL,UTC,files/hybrid/UTC/domain.pddl,files/hybrid/UTC/instances/problem_2.pddl.pddl,files/hybrid/UTC/plans/problem_2.pddl.txt,files/hybrid/UTC/instances/problem_2.pddl.pddl
TOTAL,Descent,files/hybrid/Descent/domain.pddl,files/hybrid/Descent/instances/prob_earth02.pddl.pddl,files/hybrid/Descent/plans/prob_earth02.pddl.txt,files/hybrid/Descent/instances/prob_earth02.pddl.pddl
TOTAL,sailing,files/numeric/ipc-2023/sailing/domain.pddl,files/numeric/ipc-2023/sailing/instances/instance_1_7_1229.pddl.pddl,files/numeric/ipc-2023/sailing/plans/instance_1_7_1229.pddl.txt,files/numeric/ipc-2023/sailing/instances/instance_1_7_1229.pddl.pddl
TOTAL,fo_counters,files/numeric/ipc-2023/fo_counters/domain.pddl,files/numeric/ipc-2023/fo_counters/instances/instance_8.pddl.pddl,files/numeric/ipc-2023/fo_counters/plans/instance_8.pddl.txt,files/numeric/ipc-2023/fo_counters/instances/instance_8.pddl.pddl
TOTAL,Linear-Car-2,files/hybrid/Linear-Car-2/domain.pddl,files/hybrid/Linear-Car-2/instances/p08.pddl.pddl,files/hybrid/Linear-Car-2/plans/p08.pddl.txt,files/hybrid/Linear-Car-2/instances/p08.pddl.pddl
TOTAL,counters,files/numeric/ipc-2023/counters/domain.pddl,files/numeric/ipc-2023/counters/instances/fz_instance_12.pddl.pddl,files/numeric/ipc-2023/counters/plans/fz_instance_12.pddl.txt,files/numeric/ipc-2023/counters/instances/fz_instance_12.pddl.pddl
TOTAL,fo_counters,files/numeric/ipc-2023/fo_counters/domain.pddl,files/numeric/ipc-2023/fo_counters/instances/instance_12.pddl.pddl,files/numeric/ipc-2023/fo_counters/plans/instance_12.pddl.txt,files/numeric/ipc-2023/fo_counters/instances/instance_12.pddl.pddl
TOTAL,farmland,files/numeric/ipc-2023/farmland/domain.pddl,files/numeric/ipc-2023/farmland/instances/instance_4_700_1229.pddl.pddl,files/numeric/ipc-2023/farmland/plans/instance_4_700_1229.pddl.txt,files/numeric/ipc-2023/farmland/instances/instance_4_700_1229.pddl.pddl
TOTAL,hydropower,files/numeric/ipc-2023/hydropower/domain.pddl,files/numeric/ipc-2023/hydropower/instances/pfile07.pddl.pddl,files/numeric/ipc-2023/hydropower/plans/pfile07.pddl.txt,files/numeric/ipc-2023/hydropower/instances/pfile07.pddl.pddl
TOTAL,hydropower,files/numeric/ipc-2023/hydropower/domain.pddl,files/numeric/ipc-2023/hydropower/instances/pfile22.pddl.pddl,files/numeric/ipc-2023/hydropower/plans/pfile22.pddl.txt,files/numeric/ipc-2023/hydropower/instances/pfile22.pddl.pddl
TOTAL,delivery,files/numeric/ipc-2023/delivery/domain.pddl,files/numeric/ipc-2023/delivery/instances/prob05.pddl.pddl,files/numeric/ipc-2023/delivery/plans/prob05.pddl.txt,files/numeric/ipc-2023/delivery/instances/prob05.pddl.pddl
TOTAL,sailing,files/numeric/ipc-2023/sailing/domain.pddl,files/numeric/ipc-2023/sailing/instances/instance_1_5_1229.pddl.pddl,files/numeric/ipc-2023/sailing/plans/instance_1_5_1229.pddl.txt,files/numeric/ipc-2023/sailing/instances/instance_1_5_1229.pddl.pddl
TOTAL,Descent,files/hybrid/Descent/domain.pddl,files/hybrid/Descent/instances/prob_earth20.pddl.pddl,files/hybrid/Descent/plans/prob_earth20.pddl.txt,files/hybrid/Descent/instances/prob_earth20.pddl.pddl
TOTAL,Baxter,files/hybrid/Baxter/domain.pddl,files/hybrid/Baxter/instances/P4_i1.pddl.pddl,files/hybrid/Baxter/plans/P4_i1.pddl.txt,files/hybrid/Baxter/instances/P4_i1.pddl.pddl
TOTAL,rover,files/numeric/ipc-2023/rover/domain.pddl,files/numeric/ipc-2023/rover/instances/pfile8.pddl.pddl,files/numeric/ipc-2023/rover/plans/pfile8.pddl.txt,files/numeric/ipc-2023/rover/instances/pfile8.pddl.pddl
TOTAL,drone,files/numeric/ipc-2023/drone/domain.pddl,files/numeric/ipc-2023/drone/instances/problem_1_8_1.pddl.pddl,files/numeric/ipc-2023/drone/plans/problem_1_8_1.pddl.txt,files/numeric/ipc-2023/drone/instances/problem_1_8_1.pddl.pddl
TOTAL,counters,files/numeric/ipc-2023/counters/domain.pddl,files/numeric/ipc-2023/counters/instances/rnd_instance_24_1.pddl.pddl,files/numeric/ipc-2023/counters/plans/rnd_instance_24_1.pddl.txt,files/numeric/ipc-2023/counters/instances/rnd_instance_24_1.pddl.pddl
TOTAL,farmland,files/numeric/ipc-2023/farmland/domain.pddl,files/numeric/ipc-2023/farmland/instances/instance_2_600_1229.pddl.pddl,files/numeric/ipc-2023/farmland/plans/instance_2_600_1229.pddl.txt,files/numeric/ipc-2023/farmland/instances/instance_2_600_1229.pddl.pddl
TOTAL,HVAC,files/hybrid/HVAC/domain.pddl,files/hybrid/HVAC/instances/instance_1_4.pddl.pddl,files/hybrid/HVAC/plans/instance_1_4.pddl.txt,files/hybrid/HVAC/instances/instance_1_4.pddl.pddl
TOTAL,Linear-Car,files/hybrid/Linear-Car/domain.pddl,files/hybrid/Linear-Car/instances/instance_7_30.0_0.1_10.0.pddl.pddl,files/hybrid/Linear-Car/plans/instance_7_30.0_0.1_10.0.pddl.txt,files/hybrid/Linear-Car/instances/instance_7_30.0_0.1_10.0.pddl.pddl
TOTAL,hydropower,files/numeric/ipc-2023/hydropower/domain.pddl,files/numeric/ipc-2023/hydropower/instances/pfile05.pddl.pddl,files/numeric/ipc-2023/hydropower/plans/pfile05.pddl.txt,files/numeric/ipc-2023/hydropower/instances/pfile05.pddl.pddl
TOTAL,HVAC,files/hybrid/HVAC/domain.pddl,files/hybrid/HVAC/instances/instance_1_13.pddl.pddl,files/hybrid/HVAC/plans/instance_1_13.pddl.txt,files/hybrid/HVAC/instances/instance_1_13.pddl.pddl
TOTAL,fo-sailing,files/numeric/ipc-2023/fo-sailing/domain.pddl,files/numeric/ipc-2023/fo-sailing/instances/instance_1_4_1229.pddl.pddl,files/numeric/ipc-2023/fo-sailing/plans/instance_1_4_1229.pddl.txt,files/numeric/ipc-2023/fo-sailing/instances/instance_1_4_1229.pddl.pddl
TOTAL,counters,files/numeric/ipc-2023/counters/domain.pddl,files/numeric/ipc-2023/counters/instances/inv_instance_4.pddl.pddl,files/numeric/ipc-2023/counters/plans/inv_instance_4.pddl.txt,files/numeric/ipc-2023/counters/instances/inv_instance_4.pddl.pddl
TOTAL,counters,files/numeric/ipc-2023/counters/domain.pddl,files/numeric/ipc-2023/counters/instances/rnd_instance_4_1.pddl.pddl,files/numeric/ipc-2023/counters/plans/rnd_instance_4_1.pddl.txt,files/numeric/ipc-2023/counters/instances/rnd_instance_4_1.pddl.pddl
TOTAL,HVAC,files/hybrid/HVAC/domain.pddl,files/hybrid/HVAC/instances/instance_1_5.pddl.pddl,files/hybrid/HVAC/plans/instance_1_5.pddl.txt,files/hybrid/HVAC/instances/instance_1_5.pddl.pddl
TOTAL,fo_counters,files/numeric/ipc-2023/fo_counters/domain.pddl,files/numeric/ipc-2023/fo_counters/instances/instance_17.pddl.pddl,files/numeric/ipc-2023/fo_counters/plans/instance_17.pddl.txt,files/numeric/ipc-2023/fo_counters/instances/instance_17.pddl.pddl
TOTAL,Linear-Car-2,files/hybrid/Linear-Car-2/domain.pddl,files/hybrid/Linear-Car-2/instances/p13.pddl.pddl,files/hybrid/Linear-Car-2/plans/p13.pddl.txt,files/hybrid/Linear-Car-2/instances/p13.pddl.pddl
TOTAL,counters,files/numeric/ipc-2023/counters/domain.pddl,files/numeric/ipc-2023/counters/instances/rnd_instance_36_2.pddl.pddl,files/numeric/ipc-2023/counters/plans/rnd_instance_36_2.pddl.txt,files/numeric/ipc-2023/counters/instances/rnd_instance_36_2.pddl.pddl
TOTAL,rover,files/numeric/ipc-2023/rover/domain.pddl,files/numeric/ipc-2023/rover/instances/pfile14.pddl.pddl,files/numeric/ipc-2023/rover/plans/pfile14.pddl.txt,files/numeric/ipc-2023/rover/instances/pfile14.pddl.pddl
TOTAL,delivery,files/numeric/ipc-2023/delivery/domain.pddl,files/numeric/ipc-2023/delivery/instances/prob01.pddl.pddl,files/numeric/ipc-2023/delivery/plans/prob01.pddl.txt,files/numeric/ipc-2023/delivery/instances/prob01.pddl.pddl
TOTAL,Baxter,files/hybrid/Baxter/domain.pddl,files/hybrid/Baxter/instances/P4_i5.pddl.pddl,files/hybrid/Baxter/plans/P4_i5.pddl.txt,files/hybrid/Baxter/instances/P4_i5.pddl.pddl
TOTAL,drone,files/numeric/ipc-2023/drone/domain.pddl,files/numeric/ipc-2023/drone/instances/problem_5_2_2.pddl.pddl,files/numeric/ipc-2023/drone/plans/problem_5_2_2.pddl.txt,files/numeric/ipc-2023/drone/instances/problem_5_2_2.pddl.pddl
TOTAL,delivery,files/numeric/ipc-2023/delivery/domain.pddl,files/numeric/ipc-2023/delivery/instances/prob11.pddl.pddl,files/numeric/ipc-2023/delivery/plans/prob11.pddl.txt,files/numeric/ipc-2023/delivery/instances/prob11.pddl.pddl
TOTAL,delivery,files/numeric/ipc-2023/delivery/domain.pddl,files/numeric/ipc-2023/delivery/instances/prob03.pddl.pddl,files/numeric/ipc-2023/delivery/plans/prob03.pddl.txt,files/numeric/ipc-2023/delivery/instances/prob03.pddl.pddl
TOTAL,rover,files/numeric/ipc-2023/rover/domain.pddl,files/numeric/ipc-2023/rover/instances/pfile11.pddl.pddl,files/numeric/ipc-2023/rover/plans/pfile11.pddl.txt,files/numeric/ipc-2023/rover/instances/pfile11.pddl.pddl
TOTAL,HVAC,files/hybrid/HVAC/domain.pddl,files/hybrid/HVAC/instances/instance_1_2.pddl.pddl,files/hybrid/HVAC/plans/instance_1_2.pddl.txt,files/hybrid/HVAC/instances/instance_1_2.pddl.pddl
TOTAL,farmland,files/numeric/ipc-2023/farmland/domain.pddl,files/numeric/ipc-2023/farmland/instances/instance_4_400_1229.pddl.pddl,files/numeric/ipc-2023/farmland/plans/instance_4_400_1229.pddl.txt,files/numeric/ipc-2023/farmland/instances/instance_4_400_1229.pddl.pddl
TOTAL,rover,files/numeric/ipc-2023/rover/domain.pddl,files/numeric/ipc-2023/rover/instances/pfile3.pddl.pddl,files/numeric/ipc-2023/rover/plans/pfile3.pddl.txt,files/numeric/ipc-2023/rover/instances/pfile3.pddl.pddl
TOTAL,rover,files/numeric/ipc-2023/rover/domain.pddl,files/numeric/ipc-2023/rover/instances/pfile4.pddl.pddl,files/numeric/ipc-2023/rover/plans/pfile4.pddl.txt,files/numeric/ipc-2023/rover/instances/pfile4.pddl.pddl
TOTAL,Linear-Car-2,files/hybrid/Linear-Car-2/domain.pddl,files/hybrid/Linear-Car-2/instances/p07.pddl.pddl,files/hybrid/Linear-Car-2/plans/p07.pddl.txt,files/hybrid/Linear-Car-2/instances/p07.pddl.pddl
TOTAL,pathwaysmetric,files/numeric/ipc-2023/pathwaysmetric/domain.pddl,files/numeric/ipc-2023/pathwaysmetric/instances/pfile01.pddl.pddl,files/numeric/ipc-2023/pathwaysmetric/plans/pfile01.pddl.txt,files/numeric/ipc-2023/pathwaysmetric/instances/pfile01.pddl.pddl
TOTAL,drone,files/numeric/ipc-2023/drone/domain.pddl,files/numeric/ipc-2023/drone/instances/problem_1_1_2.pddl.pddl,files/numeric/ipc-2023/drone/plans/problem_1_1_2.pddl.txt,files/numeric/ipc-2023/drone/instances/problem_1_1_2.pddl.pddl
TOTAL,sailing,files/numeric/ipc-2023/sailing/domain.pddl,files/numeric/ipc-2023/sailing/instances/instance_2_10_1229.pddl.pddl,files/numeric/ipc-2023/sailing/plans/instance_2_10_1229.pddl.txt,files/numeric/ipc-2023/sailing/instances/instance_2_10_1229.pddl.pddl
TOTAL,rover,files/numeric/ipc-2023/rover/domain.pddl,files/numeric/ipc-2023/rover/instances/pfile6.pddl.pddl,files/numeric/ipc-2023/rover/plans/pfile6.pddl.txt,files/numeric/ipc-2023/rover/instances/pfile6.pddl.pddl
TOTAL,sailing,files/numeric/ipc-2023/sailing/domain.pddl,files/numeric/ipc-2023/sailing/instances/instance_2_7_1229.pddl.pddl,files/numeric/ipc-2023/sailing/plans/instance_2_7_1229.pddl.txt,files/numeric/ipc-2023/sailing/instances/instance_2_7_1229.pddl.pddl
TOTAL,Linear-Car-2,files/hybrid/Linear-Car-2/domain.pddl,files/hybrid/Linear-Car-2/instances/p14.pddl.pddl,files/hybrid/Linear-Car-2/plans/p14.pddl.txt,files/hybrid/Linear-Car-2/instances/p14.pddl.pddl
TOTAL,HVAC,files/hybrid/HVAC/domain.pddl,files/hybrid/HVAC/instances/instance_1_9.pddl.pddl,files/hybrid/HVAC/plans/instance_1_9.pddl.txt,files/hybrid/HVAC/instances/instance_1_9.pddl.pddl
TOTAL,hydropower,files/numeric/ipc-2023/hydropower/domain.pddl,files/numeric/ipc-2023/hydropower/instances/pfile27.pddl.pddl,files/numeric/ipc-2023/hydropower/plans/pfile27.pddl.txt,files/numeric/ipc-2023/hydropower/instances/pfile27.pddl.pddl
TOTAL,sailing,files/numeric/ipc-2023/sailing/domain.pddl,files/numeric/ipc-2023/sailing/instances/instance_2_8_1229.pddl.pddl,files/numeric/ipc-2023/sailing/plans/instance_2_8_1229.pddl.txt,files/numeric/ipc-2023/sailing/instances/instance_2_8_1229.pddl.pddl
TOTAL,expedition,files/numeric/ipc-2023/expedition/domain.pddl,files/numeric/ipc-2023/expedition/instances/pfile11.pddl.pddl,files/numeric/ipc-2023/expedition/plans/pfile11.pddl.txt,files/numeric/ipc-2023/expedition/instances/pfile11.pddl.pddl
TOTAL,hydropower,files/numeric/ipc-2023/hydropower/domain.pddl,files/numeric/ipc-2023/hydropower/instances/pfile28.pddl.pddl,files/numeric/ipc-2023/hydropower/plans/pfile28.pddl.txt,files/numeric/ipc-2023/hydropower/instances/pfile28.pddl.pddl
TOTAL,HVAC,files/hybrid/HVAC/domain.pddl,files/hybrid/HVAC/instances/instance_1_15.pddl.pddl,files/hybrid/HVAC/plans/instance_1_15.pddl.txt,files/hybrid/HVAC/instances/instance_1_15.pddl.pddl
TOTAL,Descent,files/hybrid/Descent/domain.pddl,files/hybrid/Descent/instances/prob_earth07.pddl.pddl,files/hybrid/Descent/plans/prob_earth07.pddl.txt,files/hybrid/Descent/instances/prob_earth07.pddl.pddl
TOTAL,fo_counters,files/numeric/ipc-2023/fo_counters/domain.pddl,files/numeric/ipc-2023/fo_counters/instances/instance_4.pddl.pddl,files/numeric/ipc-2023/fo_counters/plans/instance_4.pddl.txt,files/numeric/ipc-2023/fo_counters/instances/instance_4.pddl.pddl
TOTAL,Linear-Car,files/hybrid/Linear-Car/domain.pddl,files/hybrid/Linear-Car/instances/instance_10_30.0_0.1_10.0.pddl.pddl,files/hybrid/Linear-Car/plans/instance_10_30.0_0.1_10.0.pddl.txt,files/hybrid/Linear-Car/instances/instance_10_30.0_0.1_10.0.pddl.pddl
TOTAL,Linear-Car,files/hybrid/Linear-Car/domain.pddl,files/hybrid/Linear-Car/instances/instance_6_30.0_0.1_10.0.pddl.pddl,files/hybrid/Linear-Car/plans/instance_6_30.0_0.1_10.0.pddl.txt,files/hybrid/Linear-Car/instances/instance_6_30.0_0.1_10.0.pddl.pddl
TOTAL,watering,files/numeric/ipc-2023/ext-plant-watering/domain.pddl,files/numeric/ipc-2023/ext-plant-watering/instances/instance_10_7_2_1.pddl.pddl,files/numeric/ipc-2023/ext-plant-watering/plans/instance_10_7_2_1.pddl.txt,files/numeric/ipc-2023/ext-plant-watering/instances/instance_10_7_2_1.pddl.pddl
TOTAL,drone,files/numeric/ipc-2023/drone/domain.pddl,files/numeric/ipc-2023/drone/instances/problem_4_2_5.pddl.pddl,files/numeric/ipc-2023/drone/plans/problem_4_2_5.pddl.txt,files/numeric/ipc-2023/drone/instances/problem_4_2_5.pddl.pddl
TOTAL,farmland,files/numeric/ipc-2023/farmland/domain.pddl,files/numeric/ipc-2023/farmland/instances/instance_8_700_1229.pddl.pddl,files/numeric/ipc-2023/farmland/plans/instance_8_700_1229.pddl.txt,files/numeric/ipc-2023/farmland/instances/instance_8_700_1229.pddl.pddl
TOTAL,sailing,files/numeric/ipc-2023/sailing/domain.pddl,files/numeric/ipc-2023/sailing/instances/instance_3_5_1229.pddl.pddl,files/numeric/ipc-2023/sailing/plans/instance_3_5_1229.pddl.txt,files/numeric/ipc-2023/sailing/instances/instance_3_5_1229.pddl.pddl
TOTAL,Linear-Car-2,files/hybrid/Linear-Car-2/domain.pddl,files/hybrid/Linear-Car-2/instances/p15.pddl.pddl,files/hybrid/Linear-Car-2/plans/p15.pddl.txt,files/hybrid/Linear-Car-2/instances/p15.pddl.pddl
TOTAL,fo-sailing,files/numeric/ipc-2023/fo-sailing/domain.pddl,files/numeric/ipc-2023/fo-sailing/instances/instance_3_4_1229.pddl.pddl,files/numeric/ipc-2023/fo-sailing/plans/instance_3_4_1229.pddl.txt,files/numeric/ipc-2023/fo-sailing/instances/instance_3_4_1229.pddl.pddl
TOTAL,sailing,files/numeric/ipc-2023/sailing/domain.pddl,files/numeric/ipc-2023/sailing/instances/instance_2_2_1229.pddl.pddl,files/numeric/ipc-2023/sailing/plans/instance_2_2_1229.pddl.txt,files/numeric/ipc-2023/sailing/instances/instance_2_2_1229.pddl.pddl
TOTAL,fo_counters,files/numeric/ipc-2023/fo_counters/domain.pddl,files/numeric/ipc-2023/fo_counters/instances/instance_10.pddl.pddl,files/numeric/ipc-2023/fo_counters/plans/instance_10.pddl.txt,files/numeric/ipc-2023/fo_counters/instances/instance_10.pddl.pddl
TOTAL,watering,files/numeric/ipc-2023/ext-plant-watering/domain.pddl,files/numeric/ipc-2023/ext-plant-watering/instances/instance_11_17_2_1.pddl.pddl,files/numeric/ipc-2023/ext-plant-watering/plans/instance_11_17_2_1.pddl.txt,files/numeric/ipc-2023/ext-plant-watering/instances/instance_11_17_2_1.pddl.pddl
TOTAL,Descent,files/hybrid/Descent/domain.pddl,files/hybrid/Descent/instances/prob_earth13.pddl.pddl,files/hybrid/Descent/plans/prob_earth13.pddl.txt,files/hybrid/Descent/instances/prob_earth13.pddl.pddl
TOTAL,Linear-Car-2,files/hybrid/Linear-Car-2/domain.pddl,files/hybrid/Linear-Car-2/instances/p23.pddl.pddl,files/hybrid/Linear-Car-2/plans/p23.pddl.txt,files/hybrid/Linear-Car-2/instances/p23.pddl.pddl
TOTAL,Descent,files/hybrid/Descent/domain.pddl,files/hybrid/Descent/instances/prob_earth03.pddl.pddl,files/hybrid/Descent/plans/prob_earth03.pddl.txt,files/hybrid/Descent/instances/prob_earth03.pddl.pddl
TOTAL,drone,files/numeric/ipc-2023/drone/domain.pddl,files/numeric/ipc-2023/drone/instances/problem_2_8_3.pddl.pddl,files/numeric/ipc-2023/drone/plans/problem_2_8_3.pddl.txt,files/numeric/ipc-2023/drone/instances/problem_2_8_3.pddl.pddl
TOTAL,UTC,files/hybrid/UTC/domain.pddl,files/hybrid/UTC/instances/problem1_medium_revised.pddl.pddl,files/hybrid/UTC/plans/problem1_medium_revised.pddl.txt,files/hybrid/UTC/instances/problem1_medium_revised.pddl.pddl
TOTAL,Baxter,files/hybrid/Baxter/domain.pddl,files/hybrid/Baxter/instances/P7_i1.pddl.pddl,files/hybrid/Baxter/plans/P7_i1.pddl.txt,files/hybrid/Baxter/instances/P7_i1.pddl.pddl
TOTAL,fo_counters,files/numeric/ipc-2023/fo_counters/domain.pddl,files/numeric/ipc-2023/fo_counters/instances/instance_5.pddl.pddl,files/numeric/ipc-2023/fo_counters/plans/instance_5.pddl.txt,files/numeric/ipc-2023/fo_counters/instances/instance_5.pddl.pddl
TOTAL,Linear-Car-2,files/hybrid/Linear-Car-2/domain.pddl,files/hybrid/Linear-Car-2/instances/p03.pddl.pddl,files/hybrid/Linear-Car-2/plans/p03.pddl.txt,files/hybrid/Linear-Car-2/instances/p03.pddl.pddl
TOTAL,hydropower,files/numeric/ipc-2023/hydropower/domain.pddl,files/numeric/ipc-2023/hydropower/instances/pfile11.pddl.pddl,files/numeric/ipc-2023/hydropower/plans/pfile11.pddl.txt,files/numeric/ipc-2023/hydropower/instances/pfile11.pddl.pddl
TOTAL,fo_counters,files/numeric/ipc-2023/fo_counters/domain.pddl,files/numeric/ipc-2023/fo_counters/instances/instance_15.pddl.pddl,files/numeric/ipc-2023/fo_counters/plans/instance_15.pddl.txt,files/numeric/ipc-2023/fo_counters/instances/instance_15.pddl.pddl
TOTAL,watering,files/numeric/ipc-2023/ext-plant-watering/domain.pddl,files/numeric/ipc-2023/ext-plant-watering/instances/instance_11_5_2_1.pddl.pddl,files/numeric/ipc-2023/ext-plant-watering/plans/instance_11_5_2_1.pddl.txt,files/numeric/ipc-2023/ext-plant-watering/instances/instance_11_5_2_1.pddl.pddl
TOTAL,drone,files/numeric/ipc-2023/drone/domain.pddl,files/numeric/ipc-2023/drone/instances/problem_8_7_1.pddl.pddl,files/numeric/ipc-2023/drone/plans/problem_8_7_1.pddl.txt,files/numeric/ipc-2023/drone/instances/problem_8_7_1.pddl.pddl
TOTAL,Baxter,files/hybrid/Baxter/domain.pddl,files/hybrid/Baxter/instances/P7_i4.pddl.pddl,files/hybrid/Baxter/plans/P7_i4.pddl.txt,files/hybrid/Baxter/instances/P7_i4.pddl.pddl
TOTAL,hydropower,files/numeric/ipc-2023/hydropower/domain.pddl,files/numeric/ipc-2023/hydropower/instances/pfile06.pddl.pddl,files/numeric/ipc-2023/hydropower/plans/pfile06.pddl.txt,files/numeric/ipc-2023/hydropower/instances/pfile06.pddl.pddl
TOTAL,HVAC,files/hybrid/HVAC/domain.pddl,files/hybrid/HVAC/instances/instance_1_18.pddl.pddl,files/hybrid/HVAC/plans/instance_1_18.pddl.txt,files/hybrid/HVAC/instances/instance_1_18.pddl.pddl
TOTAL,Linear-Car,files/hybrid/Linear-Car/domain.pddl,files/hybrid/Linear-Car/instances/instance_1_30.0_0.1_10.0.pddl.pddl,files/hybrid/Linear-Car/plans/instance_1_30.0_0.1_10.0.pddl.txt,files/hybrid/Linear-Car/instances/instance_1_30.0_0.1_10.0.pddl.pddl
TOTAL,Descent,files/hybrid/Descent/domain.pddl,files/hybrid/Descent/instances/prob_earth08.pddl.pddl,files/hybrid/Descent/plans/prob_earth08.pddl.txt,files/hybrid/Descent/instances/prob_earth08.pddl.pddl
TOTAL,expedition,files/numeric/ipc-2023/expedition/domain.pddl,files/numeric/ipc-2023/expedition/instances/pfile13.pddl.pddl,files/numeric/ipc-2023/expedition/plans/pfile13.pddl.txt,files/numeric/ipc-2023/expedition/instances/pfile13.pddl.pddl
TOTAL,Baxter,files/hybrid/Baxter/domain.pddl,files/hybrid/Baxter/instances/P6_i1.pddl.pddl,files/hybrid/Baxter/plans/P6_i1.pddl.txt,files/hybrid/Baxter/instances/P6_i1.pddl.pddl
TOTAL,watering,files/numeric/ipc-2023/ext-plant-watering/domain.pddl,files/numeric/ipc-2023/ext-plant-watering/instances/instance_10_17_2_1.pddl.pddl,files/numeric/ipc-2023/ext-plant-watering/plans/instance_10_17_2_1.pddl.txt,files/numeric/ipc-2023/ext-plant-watering/instances/instance_10_17_2_1.pddl.pddl
TOTAL,Linear-Car-2,files/hybrid/Linear-Car-2/domain.pddl,files/hybrid/Linear-Car-2/instances/p21.pddl.pddl,files/hybrid/Linear-Car-2/plans/p21.pddl.txt,files/hybrid/Linear-Car-2/instances/p21.pddl.pddl
TOTAL,Linear-Car,files/hybrid/Linear-Car/domain.pddl,files/hybrid/Linear-Car/instances/instance_5_30.0_0.1_10.0.pddl.pddl,files/hybrid/Linear-Car/plans/instance_5_30.0_0.1_10.0.pddl.txt,files/hybrid/Linear-Car/instances/instance_5_30.0_0.1_10.0.pddl.pddl
TOTAL,sailing,files/numeric/ipc-2023/sailing/domain.pddl,files/numeric/ipc-2023/sailing/instances/instance_3_6_1229.pddl.pddl,files/numeric/ipc-2023/sailing/plans/instance_3_6_1229.pddl.txt,files/numeric/ipc-2023/sailing/instances/instance_3_6_1229.pddl.pddl
TOTAL,farmland,files/numeric/ipc-2023/farmland/domain.pddl,files/numeric/ipc-2023/farmland/instances/instance_8_200_1229.pddl.pddl,files/numeric/ipc-2023/farmland/plans/instance_8_200_1229.pddl.txt,files/numeric/ipc-2023/farmland/instances/instance_8_200_1229.pddl.pddl
TOTAL,hydropower,files/numeric/ipc-2023/hydropower/domain.pddl,files/numeric/ipc-2023/hydropower/instances/pfile09.pddl.pddl,files/numeric/ipc-2023/hydropower/plans/pfile09.pddl.txt,files/numeric/ipc-2023/hydropower/instances/pfile09.pddl.pddl
TOTAL,Baxter,files/hybrid/Baxter/domain.pddl,files/hybrid/Baxter/instances/P6_i5.pddl.pddl,files/hybrid/Baxter/plans/P6_i5.pddl.txt,files/hybrid/Baxter/instances/P6_i5.pddl.pddl
TOTAL,HVAC,files/hybrid/HVAC/domain.pddl,files/hybrid/HVAC/instances/instance_1_8.pddl.pddl,files/hybrid/HVAC/plans/instance_1_8.pddl.txt,files/hybrid/HVAC/instances/instance_1_8.pddl.pddl
TOTAL,Linear-Car-2,files/hybrid/Linear-Car-2/domain.pddl,files/hybrid/Linear-Car-2/instances/p20.pddl.pddl,files/hybrid/Linear-Car-2/plans/p20.pddl.txt,files/hybrid/Linear-Car-2/instances/p20.pddl.pddl
TOTAL,Linear-Car,files/hybrid/Linear-Car/domain.pddl,files/hybrid/Linear-Car/instances/instance_2_30.0_0.1_10.0.pddl.pddl,files/hybrid/Linear-Car/plans/instance_2_30.0_0.1_10.0.pddl.txt,files/hybrid/Linear-Car/instances/instance_2_30.0_0.1_10.0.pddl.pddl
TOTAL,counters,files/numeric/ipc-2023/counters/domain.pddl,files/numeric/ipc-2023/counters/instances/rnd_instance_40_3.pddl.pddl,files/numeric/ipc-2023/counters/plans/rnd_instance_40_3.pddl.txt,files/numeric/ipc-2023/counters/instances/rnd_instance_40_3.pddl.pddl
TOTAL,rover,files/numeric/ipc-2023/rover/domain.pddl,files/numeric/ipc-2023/rover/instances/pfile2.pddl.pddl,files/numeric/ipc-2023/rover/plans/pfile2.pddl.txt,files/numeric/ipc-2023/rover/instances/pfile2.pddl.pddl
TOTAL,sailing,files/numeric/ipc-2023/sailing/domain.pddl,files/numeric/ipc-2023/sailing/instances/instance_1_6_1229.pddl.pddl,files/numeric/ipc-2023/sailing/plans/instance_1_6_1229.pddl.txt,files/numeric/ipc-2023/sailing/instances/instance_1_6_1229.pddl.pddl
TOTAL,UTC,files/hybrid/UTC/domain.pddl,files/hybrid/UTC/instances/problem_4.pddl.pddl,files/hybrid/UTC/plans/problem_4.pddl.txt,files/hybrid/UTC/instances/problem_4.pddl.pddl
TOTAL,farmland,files/numeric/ipc-2023/farmland/domain.pddl,files/numeric/ipc-2023/farmland/instances/instance_6_500_1229.pddl.pddl,files/numeric/ipc-2023/farmland/plans/instance_6_500_1229.pddl.txt,files/numeric/ipc-2023/farmland/instances/instance_6_500_1229.pddl.pddl
TOTAL,counters,files/numeric/ipc-2023/counters/domain.pddl,files/numeric/ipc-2023/counters/instances/rnd_instance_8_3.pddl.pddl,files/numeric/ipc-2023/counters/plans/rnd_instance_8_3.pddl.txt,files/numeric/ipc-2023/counters/instances/rnd_instance_8_3.pddl.pddl
TOTAL,Descent,files/hybrid/Descent/domain.pddl,files/hybrid/Descent/instances/prob_earth11.pddl.pddl,files/hybrid/Descent/plans/prob_earth11.pddl.txt,files/hybrid/Descent/instances/prob_earth11.pddl.pddl
TOTAL,Descent,files/hybrid/Descent/domain.pddl,files/hybrid/Descent/instances/prob_earth16.pddl.pddl,files/hybrid/Descent/plans/prob_earth16.pddl.txt,files/hybrid/Descent/instances/prob_earth16.pddl.pddl
TOTAL,Linear-Car-2,files/hybrid/Linear-Car-2/domain.pddl,files/hybrid/Linear-Car-2/instances/p05.pddl.pddl,files/hybrid/Linear-Car-2/plans/p05.pddl.txt,files/hybrid/Linear-Car-2/instances/p05.pddl.pddl
TOTAL,Baxter,files/hybrid/Baxter/domain.pddl,files/hybrid/Baxter/instances/P6_i3.pddl.pddl,files/hybrid/Baxter/plans/P6_i3.pddl.txt,files/hybrid/Baxter/instances/P6_i3.pddl.pddl
TOTAL,fo-sailing,files/numeric/ipc-2023/fo-sailing/domain.pddl,files/numeric/ipc-2023/fo-sailing/instances/instance_3_3_1229.pddl.pddl,files/numeric/ipc-2023/fo-sailing/plans/instance_3_3_1229.pddl.txt,files/numeric/ipc-2023/fo-sailing/instances/instance_3_3_1229.pddl.pddl
TOTAL,Baxter,files/hybrid/Baxter/domain.pddl,files/hybrid/Baxter/instances/P4_i2.pddl.pddl,files/hybrid/Baxter/plans/P4_i2.pddl.txt,files/hybrid/Baxter/instances/P4_i2.pddl.pddl
TOTAL,sailing,files/numeric/ipc-2023/sailing/domain.pddl,files/numeric/ipc-2023/sailing/instances/instance_3_4_1229.pddl.pddl,files/numeric/ipc-2023/sailing/plans/instance_3_4_1229.pddl.txt,files/numeric/ipc-2023/sailing/instances/instance_3_4_1229.pddl.pddl
TOTAL,fo_counters,files/numeric/ipc-2023/fo_counters/domain.pddl,files/numeric/ipc-2023/fo_counters/instances/instance_6.pddl.pddl,files/numeric/ipc-2023/fo_counters/plans/instance_6.pddl.txt,files/numeric/ipc-2023/fo_counters/instances/instance_6.pddl.pddl
TOTAL,drone,files/numeric/ipc-2023/drone/domain.pddl,files/numeric/ipc-2023/drone/instances/problem_2_5_4.pddl.pddl,files/numeric/ipc-2023/drone/plans/problem_2_5_4.pddl.txt,files/numeric/ipc-2023/drone/instances/problem_2_5_4.pddl.pddl
TOTAL,farmland,files/numeric/ipc-2023/farmland/domain.pddl,files/numeric/ipc-2023/farmland/instances/instance_4_800_1229.pddl.pddl,files/numeric/ipc-2023/farmland/plans/instance_4_800_1229.pddl.txt,files/numeric/ipc-2023/farmland/instances/instance_4_800_1229.pddl.pddl
TOTAL,HVAC,files/hybrid/HVAC/domain.pddl,files/hybrid/HVAC/instances/instance_1_19.pddl.pddl,files/hybrid/HVAC/plans/instance_1_19.pddl.txt,files/hybrid/HVAC/instances/instance_1_19.pddl.pddl
TOTAL,Linear-Car,files/hybrid/Linear-Car/domain.pddl,files/hybrid/Linear-Car/instances/instance_3_30.0_0.1_10.0.pddl.pddl,files/hybrid/Linear-Car/plans/instance_3_30.0_0.1_10.0.pddl.txt,files/hybrid/Linear-Car/instances/instance_3_30.0_0.1_10.0.pddl.pddl
TOTAL,Baxter,files/hybrid/Baxter/domain.pddl,files/hybrid/Baxter/instances/P4_i3.pddl.pddl,files/hybrid/Baxter/plans/P4_i3.pddl.txt,files/hybrid/Baxter/instances/P4_i3.pddl.pddl
TOTAL,fo-sailing,files/numeric/ipc-2023/fo-sailing/domain.pddl,files/numeric/ipc-2023/fo-sailing/instances/instance_1_1_1229.pddl.pddl,files/numeric/ipc-2023/fo-sailing/plans/instance_1_1_1229.pddl.txt,files/numeric/ipc-2023/fo-sailing/instances/instance_1_1_1229.pddl.pddl
TOTAL,sailing,files/numeric/ipc-2023/sailing/domain.pddl,files/numeric/ipc-2023/sailing/instances/instance_4_6_1229.pddl.pddl,files/numeric/ipc-2023/sailing/plans/instance_4_6_1229.pddl.txt,files/numeric/ipc-2023/sailing/instances/instance_4_6_1229.pddl.pddl
TOTAL,watering,files/numeric/ipc-2023/ext-plant-watering/domain.pddl,files/numeric/ipc-2023/ext-plant-watering/instances/instance_13_9_2_1.pddl.pddl,files/numeric/ipc-2023/ext-plant-watering/plans/instance_13_9_2_1.pddl.txt,files/numeric/ipc-2023/ext-plant-watering/instances/instance_13_9_2_1.pddl.pddl
TOTAL,UTC,files/hybrid/UTC/domain.pddl,files/hybrid/UTC/instances/problem_3.pddl.pddl,files/hybrid/UTC/plans/problem_3.pddl.txt,files/hybrid/UTC/instances/problem_3.pddl.pddl
TOTAL,Linear-Car-2,files/hybrid/Linear-Car-2/domain.pddl,files/hybrid/Linear-Car-2/instances/p10.pddl.pddl,files/hybrid/Linear-Car-2/plans/p10.pddl.txt,files/hybrid/Linear-Car-2/instances/p10.pddl.pddl
TOTAL,fo-sailing,files/numeric/ipc-2023/fo-sailing/domain.pddl,files/numeric/ipc-2023/fo-sailing/instances/instance_5_2_1229.pddl.pddl,files/numeric/ipc-2023/fo-sailing/plans/instance_5_2_1229.pddl.txt,files/numeric/ipc-2023/fo-sailing/instances/instance_5_2_1229.pddl.pddl
TOTAL,Descent,files/hybrid/Descent/domain.pddl,files/hybrid/Descent/instances/prob_earth06.pddl.pddl,files/hybrid/Descent/plans/prob_earth06.pddl.txt,files/hybrid/Descent/instances/prob_earth06.pddl.pddl
TOTAL,rover,files/numeric/ipc-2023/rover/domain.pddl,files/numeric/ipc-2023/rover/instances/pfile10.pddl.pddl,files/numeric/ipc-2023/rover/plans/pfile10.pddl.txt,files/numeric/ipc-2023/rover/instances/pfile10.pddl.pddl
TOTAL,Linear-Car,files/hybrid/Linear-Car/domain.pddl,files/hybrid/Linear-Car/instances/instance_8_30.0_0.1_10.0.pddl.pddl,files/hybrid/Linear-Car/plans/instance_8_30.0_0.1_10.0.pddl.txt,files/hybrid/Linear-Car/instances/instance_8_30.0_0.1_10.0.pddl.pddl
TOTAL,rover,files/numeric/ipc-2023/rover/domain.pddl,files/numeric/ipc-2023/rover/instances/pfile9.pddl.pddl,files/numeric/ipc-2023/rover/plans/pfile9.pddl.txt,files/numeric/ipc-2023/rover/instances/pfile9.pddl.pddl
TOTAL,watering,files/numeric/ipc-2023/ext-plant-watering/domain.pddl,files/numeric/ipc-2023/ext-plant-watering/instances/instance_12_17_2_1.pddl.pddl,files/numeric/ipc-2023/ext-plant-watering/plans/instance_12_17_2_1.pddl.txt,files/numeric/ipc-2023/ext-plant-watering/instances/instance_12_17_2_1.pddl.pddl
TOTAL,Baxter,files/hybrid/Baxter/domain.pddl,files/hybrid/Baxter/instances/P5_i1.pddl.pddl,files/hybrid/Baxter/plans/P5_i1.pddl.txt,files/hybrid/Baxter/instances/P5_i1.pddl.pddl
TOTAL,fo_counters,files/numeric/ipc-2023/fo_counters/domain.pddl,files/numeric/ipc-2023/fo_counters/instances/instance_7.pddl.pddl,files/numeric/ipc-2023/fo_counters/plans/instance_7.pddl.txt,files/numeric/ipc-2023/fo_counters/instances/instance_7.pddl.pddl
TOTAL,fo_counters,files/numeric/ipc-2023/fo_counters/domain.pddl,files/numeric/ipc-2023/fo_counters/instances/instance_2.pddl.pddl,files/numeric/ipc-2023/fo_counters/plans/instance_2.pddl.txt,files/numeric/ipc-2023/fo_counters/instances/instance_2.pddl.pddl
TOTAL,fo-sailing,files/numeric/ipc-2023/fo-sailing/domain.pddl,files/numeric/ipc-2023/fo-sailing/instances/instance_5_3_1229.pddl.pddl,files/numeric/ipc-2023/fo-sailing/plans/instance_5_3_1229.pddl.txt,files/numeric/ipc-2023/fo-sailing/instances/instance_5_3_1229.pddl.pddl
TOTAL,Linear-Car-2,files/hybrid/Linear-Car-2/domain.pddl,files/hybrid/Linear-Car-2/instances/p22.pddl.pddl,files/hybrid/Linear-Car-2/plans/p22.pddl.txt,files/hybrid/Linear-Car-2/instances/p22.pddl.pddl
TOTAL,Linear-Car-2,files/hybrid/Linear-Car-2/domain.pddl,files/hybrid/Linear-Car-2/instances/p11.pddl.pddl,files/hybrid/Linear-Car-2/plans/p11.pddl.txt,files/hybrid/Linear-Car-2/instances/p11.pddl.pddl
TOTAL,fo-sailing,files/numeric/ipc-2023/fo-sailing/domain.pddl,files/numeric/ipc-2023/fo-sailing/instances/instance_3_2_1229.pddl.pddl,files/numeric/ipc-2023/fo-sailing/plans/instance_3_2_1229.pddl.txt,files/numeric/ipc-2023/fo-sailing/instances/instance_3_2_1229.pddl.pddl
TOTAL,fo-sailing,files/numeric/ipc-2023/fo-sailing/domain.pddl,files/numeric/ipc-2023/fo-sailing/instances/instance_1_3_1229.pddl.pddl,files/numeric/ipc-2023/fo-sailing/plans/instance_1_3_1229.pddl.txt,files/numeric/ipc-2023/fo-sailing/instances/instance_1_3_1229.pddl.pddl
TOTAL,Linear-Car-2,files/hybrid/Linear-Car-2/domain.pddl,files/hybrid/Linear-Car-2/instances/p17.pddl.pddl,files/hybrid/Linear-Car-2/plans/p17.pddl.txt,files/hybrid/Linear-Car-2/instances/p17.pddl.pddl
TOTAL,fo-sailing,files/numeric/ipc-2023/fo-sailing/domain.pddl,files/numeric/ipc-2023/fo-sailing/instances/instance_4_4_1229.pddl.pddl,files/numeric/ipc-2023/fo-sailing/plans/instance_4_4_1229.pddl.txt,files/numeric/ipc-2023/fo-sailing/instances/instance_4_4_1229.pddl.pddl
TOTAL,Descent,files/hybrid/Descent/domain.pddl,files/hybrid/Descent/instances/prob_earth04.pddl.pddl,files/hybrid/Descent/plans/prob_earth04.pddl.txt,files/hybrid/Descent/instances/prob_earth04.pddl.pddl
TOTAL,Linear-Car-2,files/hybrid/Linear-Car-2/domain.pddl,files/hybrid/Linear-Car-2/instances/p18.pddl.pddl,files/hybrid/Linear-Car-2/plans/p18.pddl.txt,files/hybrid/Linear-Car-2/instances/p18.pddl.pddl
TOTAL,Linear-Car,files/hybrid/Linear-Car/domain.pddl,files/hybrid/Linear-Car/instances/instance_4_30.0_0.1_10.0.pddl.pddl,files/hybrid/Linear-Car/plans/instance_4_30.0_0.1_10.0.pddl.txt,files/hybrid/Linear-Car/instances/instance_4_30.0_0.1_10.0.pddl.pddl